fpr,tpr,tpr_std
0.0001,0.0,0.0
0.00010092621909870473,0.004966666666666667,0.0
0.00010186101701559753,0.004966666666666667,0.0
0.00010280447320933097,0.004966666666666667,0.0
0.00010375666787451859,0.004966666666666667,0.0
0.00010471768194855202,0.004966666666666667,0.0
0.0001056875971184804,0.004966666666666667,0.0
0.00010666649582795387,0.004966666666666667,0.0
0.00010765446128423159,0.004966666666666667,0.0
0.00010865157746525384,0.004966666666666667,0.0
0.00010965792912678099,0.004966666666666667,0.0
0.00011067360180959734,0.004966666666666667,0.0
0.00011169868184678226,0.004966666666666667,0.0
0.00011273325637104872,0.004966666666666667,0.0
0.00011377741332214914,0.004966666666666667,0.0
0.00011483124145435111,0.004966666666666667,0.0
0.00011589483034398106,0.004966666666666667,0.0
0.00011696827039703847,0.004966666666666667,0.0
0.00011805165285688056,0.004966666666666667,0.0
0.0001191450698119776,0.004966666666666667,0.0
0.00012024861420374123,0.004966666666666667,0.0
0.00012136237983442405,0.004966666666666667,0.0
0.00012248646137509307,0.004966666666666667,0.0
0.00012362095437367691,0.004966666666666667,0.0
0.00012476595526308696,0.004966666666666667,0.0
0.0001259215613694151,0.004966666666666667,0.0
0.0001270878709202058,0.004966666666666667,0.0
0.000128264983052806,0.004966666666666667,0.0
0.0001294529978227916,0.004966666666666667,0.0
0.00013065201621247213,0.004966666666666667,0.0
0.00013186214013947485,0.004966666666666667,0.0
0.00013308347246540747,0.004966666666666667,0.0
0.00013431611700460153,0.007,0.0
0.0001355601785329369,0.007,0.0
0.0001368157627967472,0.007,0.0
0.00013808297652180923,0.007,0.0
0.0001393619274224142,0.007,0.0
0.00014065272421052364,0.007,0.0
0.00014195547660501016,0.007,0.0
0.0001432702953409831,0.007,0.0
0.00014459729217920195,0.007,0.0
0.00014593657991557562,0.007,0.0
0.00014728827239075018,0.007,0.0
0.0001486524844997857,0.007,0.0
0.00015002933220192182,0.007,0.0
0.0001514189325304352,0.007,0.0
0.00015282140360258693,0.007,0.0
0.0001542368646296629,0.007,0.0
0.00015566543592710622,0.007,0.0
0.00015710723892474503,0.007,0.0
0.00015856239617711372,0.007,0.0
0.00016003103137387001,0.007,0.0
0.00016151326935030913,0.007,0.0
0.0001630092360979741,0.007,0.0
0.00016451905877536624,0.007,0.0
0.00016604286571875296,0.007,0.0
0.0001675807864530767,0.0077666666666666665,0.0
0.00016913295170296487,0.0077666666666666665,0.0
0.0001706994934038408,0.0077666666666666665,0.0
0.0001722805447131394,0.0077666666666666665,0.0
0.00017387624002162505,0.0077666666666666665,0.0
0.00017548671496481503,0.0077666666666666665,0.0
0.00017711210643450888,0.0077666666666666665,0.0
0.00017875255259042355,0.0077666666666666665,0.0
0.00018040819287193827,0.0077666666666666665,0.0
0.00018207916800994624,0.0077666666666666665,0.0
0.00018376562003881704,0.0077666666666666665,0.0
0.00018546769230846994,0.0077666666666666665,0.0
0.00018718552949655793,0.0077666666666666665,0.0
0.00018891927762076664,0.0077666666666666665,0.0
0.0001906690840512252,0.0077666666666666665,0.0
0.00019243509752303302,0.0077666666666666665,0.0
0.00019421746814890265,0.0077666666666666665,0.0
0.00019601634743191858,0.0077666666666666665,0.0
0.00019783188827841644,0.0077666666666666665,0.0
0.00019966424501097934,0.0077666666666666665,0.0
0.00020151357338155586,0.007966666666666667,0.0
0.0002033800305846982,0.007966666666666667,0.0
0.00020526377527092522,0.007966666666666667,0.0
0.0002071649675602069,0.007966666666666667,0.0
0.000209083769055575,0.007966666666666667,0.0
0.00021102034285685965,0.007966666666666667,0.0
0.0002129748535745521,0.007966666666666667,0.0
0.00021494746734379805,0.007966666666666667,0.0
0.00021693835183851843,0.007966666666666667,0.0
0.00021894767628566206,0.007966666666666667,0.0
0.00022097561147959031,0.007966666666666667,0.0
0.00022302232979659386,0.007966666666666667,0.0
0.00022508800520954617,0.007966666666666667,0.0
0.0002271728133026905,0.007966666666666667,0.0
0.00022927693128656486,0.007966666666666667,0.0
0.0002314005380130654,0.007966666666666667,0.0
0.00023354381399064793,0.008,0.0
0.00023570694139967278,0.008,0.0
0.00023789010410788934,0.008,0.0
0.00024009348768606518,0.008,0.0
0.00024231727942376007,0.008,0.0
0.00024456166834524467,0.008,0.0
0.00024682684522556923,0.008,0.0
0.00024911300260677886,0.008,0.0
0.0002514203348142797,0.008,0.0
0.00025374903797335715,0.008,0.0
0.00025609931002584595,0.008,0.0
0.00025847135074695635,0.008,0.0
0.0002608653617622548,0.008,0.0
0.000263281546564802,0.008,0.0
0.00026572011053245065,0.008,0.0
0.00026818126094530154,0.010333333333333333,0.0
0.0002706652070033241,0.010333333333333333,0.0
0.0002731721598441376,0.010333333333333333,0.0
0.0002757023325609583,0.010333333333333333,0.0
0.0002782559402207126,0.010333333333333333,0.0
0.00028083319988231727,0.010333333333333333,0.0
0.0002834343306151309,0.010333333333333333,0.0
0.0002860595535175742,0.010333333333333333,0.0
0.00028870909173592344,0.010333333333333333,0.0
0.00029138317048327885,0.010333333333333333,0.0
0.00029408201705870637,0.010333333333333333,0.0
0.00029680586086656025,0.010333333333333333,0.0
0.00029955493343598134,0.010333333333333333,0.0
0.0003023294684405776,0.010733333333333333,0.0
0.00030512970171828706,0.010733333333333333,0.0
0.00030795587129142264,0.010733333333333333,0.0
0.00031080821738690636,0.010733333333333333,0.0
0.00031368698245668765,0.010733333333333333,0.0
0.00031659241119835204,0.010733333333333333,0.0
0.00031952475057592136,0.010733333333333333,0.0
0.0003224842498408442,0.010733333333333333,0.0
0.0003254711605531848,0.010733333333333333,0.0
0.00032848573660300434,0.010733333333333333,0.0
0.0003315282342319423,0.010733333333333333,0.0
0.00033459891205499747,0.010766666666666667,0.0
0.0003376980310825091,0.010766666666666667,0.0
0.0003408258547423452,0.010766666666666667,0.0
0.00034398264890229247,0.010766666666666667,0.0
0.00034716868189265597,0.010766666666666667,0.0
0.00035038422452906756,0.010766666666666667,0.0
0.00035362955013550426,0.010766666666666667,0.0
0.000356904934567523,0.010766666666666667,0.0
0.000360210656235707,0.010766666666666667,0.0
0.00036354699612933176,0.010766666666666667,0.0
0.00036691423784024937,0.011,0.0
0.0003703126675869927,0.011,0.0
0.0003737425742391064,0.011,0.0
0.00037720424934169976,0.011,0.0
0.0003806979871402284,0.011,0.0
0.0003842240846055061,0.011,0.0
0.00038778284145894574,0.011,0.0
0.0003913745601980384,0.011,0.0
0.0003949995461220643,0.011,0.0
0.00039865810735804387,0.011,0.0
0.0004023505548869293,0.0129,0.0
0.00040607720257003656,0.0129,0.0
0.0004098383671757261,0.0129,0.0
0.0004136343684063274,0.0129,0.0
0.0004174655289253135,0.0129,0.0
0.0004213321743847289,0.0129,0.0
0.0004252346334528682,0.0129,0.0
0.00042917323784221574,0.0129,0.0
0.0004331483223376398,0.0129,0.0
0.0004371602248248502,0.0141,0.0
0.000441209286319119,0.0141,0.0
0.0004452958509942655,0.0141,0.0
0.00044942026621191424,0.0141,0.0
0.0004535828825510186,0.0141,0.0
0.00045778405383766163,0.0141,0.0
0.0004620241371751313,0.0141,0.0
0.0004663034929742731,0.0141,0.0
0.00047062248498412813,0.0142,0.0
0.00047498148032285,0.0142,0.0
0.0004793808495089107,0.0142,0.0
0.00048382096649259574,0.0142,0.0
0.000488302208687788,0.0142,0.0
0.0004928249570040513,0.0142,0.0
0.0004973895958790063,0.0142,0.0
0.000501996513311008,0.014433333333333333,0.0
0.0005066461008921268,0.014433333333333333,0.0
0.0005113387538414326,0.014433333333333333,0.0
0.0005160748710385908,0.014433333333333333,0.0
0.000520854855057766,0.014433333333333333,0.0
0.0005256791122018419,0.014433333333333333,0.0
0.0005305480525369575,0.014433333333333333,0.0
0.0005354620899273607,0.014466666666666666,0.0
0.0005404216420705915,0.014466666666666666,0.0
0.0005454271305329836,0.014466666666666666,0.0
0.0005504789807854967,0.014466666666666666,0.0
0.0005555776222398878,0.014466666666666666,0.0
0.0005607234882852032,0.014466666666666666,0.0
0.0005659170163246243,0.014466666666666666,0.0
0.0005711586478126435,0.014733333333333333,0.0
0.0005764488282925873,0.014733333333333333,0.0
0.0005817880074344935,0.014733333333333333,0.0
0.0005871766390733255,0.014733333333333333,0.0
0.0005926151812475553,0.014733333333333333,0.0
0.0005981040962380944,0.014733333333333333,0.0
0.0006036438506075864,0.015133333333333334,0.0
0.0006092349152400712,0.015133333333333334,0.0
0.0006148777653810023,0.015133333333333334,0.0
0.0006205728806776501,0.015133333333333334,0.0
0.0006263207452198692,0.015133333333333334,0.0
0.0006321218475812448,0.015133333333333334,0.0
0.0006379766808606282,0.0153,0.0
0.000643885742724042,0.0153,0.0
0.0006498495354469888,0.0153,0.0
0.0006558685659571436,0.0153,0.0
0.0006619433458774394,0.0153,0.0
0.0006680743915695614,0.015733333333333332,0.0
0.0006742622241778342,0.015733333333333332,0.0
0.0006805073696735206,0.015733333333333332,0.0
0.0006868103588995307,0.015733333333333332,0.0
0.0006931717276155408,0.015733333333333332,0.0
0.0006995920165435374,0.015733333333333332,0.0
0.0007060717714137773,0.016133333333333333,0.0
0.0007126115430111746,0.016133333333333333,0.0
0.0007192118872221193,0.016133333333333333,0.0
0.0007258733650817253,0.016133333333333333,0.0
0.000732596542821523,0.016133333333333333,0.0
0.0007393819919175866,0.0167,0.0
0.0007462302891391107,0.0167,0.0
0.0007531420165974376,0.0167,0.0
0.0007601177617955331,0.0167,0.0
0.0007671581176779302,0.017666666666666667,0.0
0.000774263682681127,0.017666666666666667,0.0
0.0007814350607844542,0.017666666666666667,0.0
0.0007886728615614156,0.017666666666666667,0.0
0.0007959777002314986,0.017666666666666667,0.0
0.0008033501977124734,0.017833333333333333,0.0
0.0008107909806731687,0.017833333333333333,0.0
0.000818300681586739,0.017833333333333333,0.0
0.0008258799387844272,0.017833333333333333,0.0
0.0008335293965098195,0.018133333333333335,0.0
0.0008412497049736118,0.018133333333333335,0.0
0.0008490415204088747,0.018133333333333335,0.0
0.0008569055051268347,0.018133333333333335,0.0
0.0008648423275731727,0.018133333333333335,0.0
0.000872852662384838,0.018166666666666668,0.0
0.0008809371904473991,0.018166666666666668,0.0
0.0008890965989529158,0.018166666666666668,0.0
0.000897331581458352,0.018166666666666668,0.0
0.0009056428379445294,0.018233333333333334,0.0
0.0009140310748756232,0.018233333333333334,0.0
0.0009224970052592174,0.018233333333333334,0.0
0.0009310413487069075,0.018233333333333334,0.0
0.000939664831495469,0.018966666666666666,0.0
0.0009483681866285928,0.018966666666666666,0.0
0.0009571521538991865,0.018966666666666666,0.0
0.0009660174799522646,0.018966666666666666,0.0
0.0009749649183484086,0.019266666666666668,0.0
0.0009839952296278227,0.019266666666666668,0.0
0.00099310918137498,0.019266666666666668,0.0
0.0010023075482838654,0.019466666666666667,0.0
0.0010115911122238297,0.019466666666666667,0.0
0.0010209606623060466,0.019466666666666667,0.0
0.0010304169949505876,0.019466666666666667,0.0
0.0010399609139541202,0.0198,0.0
0.0010495932305582276,0.0198,0.0
0.00105931476351837,0.0198,0.0
0.001069126339173476,0.021633333333333334,0.0
0.0010790287915161836,0.021633333333333334,0.0
0.0010890229622637305,0.021633333333333334,0.0
0.0010991097009294972,0.021633333333333334,0.0
0.0011092898648952228,0.0217,0.0
0.0011195643194838783,0.0217,0.0
0.0011299339380332217,0.0217,0.0
0.0011403996019700331,0.0223,0.0
0.0011509622008850323,0.0223,0.0
0.0011616226326085018,0.0223,0.0
0.0011723818032865986,0.022433333333333333,0.0
0.001183240627458378,0.022433333333333333,0.0
0.0011942000281335325,0.022433333333333333,0.0
0.0012052609368708425,0.023466666666666667,0.0
0.001216424293857368,0.023466666666666667,0.0
0.001227691047988359,0.023466666666666667,0.0
0.0012390621569479156,0.023566666666666666,0.0
0.0012505385872903913,0.023566666666666666,0.0
0.0012621213145225473,0.023566666666666666,0.0
0.0012738113231864786,0.023733333333333332,0.0
0.0012856096069432965,0.023733333333333332,0.0
0.0012975171686575868,0.023733333333333332,0.0
0.0013095350204826678,0.02493333333333333,0.0
0.001321664183946605,0.02493333333333333,0.0
0.0013339056900390587,0.02493333333333333,0.0
0.001346260579298911,0.02493333333333333,0.0
0.0013587299019027091,0.02493333333333333,0.0
0.0013713147177539457,0.0258,0.0
0.0013840160965731315,0.0258,0.0
0.0013968351179887398,0.0258,0.0
0.0014097728716289677,0.026166666666666668,0.0
0.001422830457214352,0.026166666666666668,0.0
0.0014360089846512606,0.026266666666666667,0.0
0.0014493095741262166,0.026266666666666667,0.0
0.00146273335620113,0.026266666666666667,0.0
0.001476281471909391,0.026366666666666667,0.0
0.0014899550728528536,0.026366666666666667,0.0
0.0015037553212997384,0.026833333333333334,0.0
0.0015176833902834053,0.026833333333333334,0.0
0.0015317404637020797,0.026833333333333334,0.0
0.0015459277364194785,0.026933333333333333,0.0
0.001560246414366368,0.026933333333333333,0.0
0.0015746977146430868,0.026933333333333333,0.0
0.001589282865622978,0.026933333333333333,0.0
0.00160400310705682,0.026933333333333333,0.0
0.0016188596901781992,0.026933333333333333,0.0
0.0016338538778098604,0.026966666666666667,0.0
0.001648986944471065,0.026966666666666667,0.0
0.0016642601764859037,0.026966666666666667,0.0
0.0016796748720926532,0.027866666666666668,0.0
0.0016952323415541214,0.027866666666666668,0.0
0.0017109339072690134,0.0285,0.0
0.001726780903884356,0.0285,0.0
0.0017427746784089192,0.0285,0.0
0.0017589165903277326,0.0285,0.0
0.001775208011717636,0.029566666666666668,0.0
0.0017916503273638995,0.029566666666666668,0.0
0.0018082449348779518,0.029833333333333333,0.0
0.0018249932448161524,0.029833333333333333,0.0
0.0018418966807997109,0.030666666666666665,0.0
0.0018589566796356884,0.030666666666666665,0.0
0.0018761746914391195,0.030666666666666665,0.0
0.0018935521797562953,0.030666666666666665,0.0
0.001911090621689138,0.030733333333333335,0.0
0.0019287915080207778,0.030733333333333335,0.0
0.0019466563433422632,0.0316,0.0
0.0019646866461804444,0.0316,0.0
0.0019828839491270716,0.03233333333333333,0.0
0.002001249798969037,0.032466666666666665,0.0
0.0020197857568198785,0.032466666666666665,0.0
0.002038493398252464,0.0325,0.0
0.0020573743134329114,0.0325,0.0
0.0020764301072557748,0.0329,0.0
0.002095662399480433,0.0329,0.0
0.0021150728248687948,0.033,0.0
0.0021346630333242455,0.033133333333333334,0.0
0.002154434690031882,0.033133333333333334,0.0
0.00217438947560008,0.03383333333333333,0.0
0.0021945290862033138,0.03383333333333333,0.0
0.0022148552337263594,0.034,0.0
0.0022353696459097966,0.034166666666666665,0.0
0.002256074066496859,0.034166666666666665,0.0
0.00227697025538168,0.03426666666666667,0.0
0.002298059988758851,0.03426666666666667,0.0
0.0023193450592744274,0.0343,0.0
0.0023408272761782944,0.0344,0.0
0.002362508465477945,0.0344,0.0
0.0023843904700937206,0.034666666666666665,0.0
0.002406475150015424,0.034833333333333334,0.0
0.0024287643824604504,0.034833333333333334,0.0
0.0024512600620333396,0.034833333333333334,0.0
0.0024739641008868114,0.03506666666666667,0.0
0.0024968784288843266,0.03506666666666667,0.0
0.002520004993764092,0.03506666666666667,0.0
0.002543345761304648,0.0353,0.0
0.002566902715491952,0.03543333333333333,0.0
0.002590677858688006,0.03543333333333333,0.0
0.002614673211801092,0.03576666666666667,0.0
0.00263889081445751,0.03593333333333333,0.0
0.002663332725174981,0.03593333333333333,0.0
0.0026880010215376074,0.036066666666666664,0.0
0.0027128978003724646,0.0361,0.0
0.0027380251779278576,0.03623333333333333,0.0
0.00276338529005317,0.03623333333333333,0.0
0.0027889802923804397,0.03643333333333333,0.0
0.002814812360507581,0.03713333333333333,0.0
0.0028408836901833013,0.03716666666666667,0.0
0.00286719649749377,0.037566666666666665,0.0
0.0028937530190509503,0.037566666666666665,0.0
0.002920555512182745,0.0381,0.0
0.0029476062551248585,0.03846666666666667,0.0
0.0029749075472144406,0.038533333333333336,0.0
0.003002461709085549,0.038733333333333335,0.0
0.003030271082866396,0.038733333333333335,0.0
0.003058338032378432,0.03886666666666667,0.0
0.0030866649433372744,0.0391,0.0
0.003115254223555488,0.039233333333333335,0.0
0.0031441083031472647,0.0393,0.0
0.0031732296347349765,0.039433333333333334,0.0
0.00320262069365765,0.04003333333333333,0.0
0.003232283978181381,0.04003333333333333,0.0
0.00326222200971167,0.04006666666666667,0.0
0.003292437333007769,0.040233333333333336,0.0
0.0033229325163989716,0.04033333333333333,0.0
0.0033537101520029287,0.04033333333333333,0.0
0.0033847728559459832,0.040766666666666666,0.0
0.0034161232685855285,0.0416,0.0
0.0034477640547344642,0.041633333333333335,0.0
0.0034796979038876916,0.04173333333333333,0.0
0.003511927530450728,0.04186666666666667,0.0
0.0035444556739704356,0.0421,0.0
0.0035772850993678732,0.04243333333333334,0.0
0.0036104185971733375,0.0425,0.0
0.0036438589837635444,0.04256666666666667,0.0
0.0036776091016010306,0.0427,0.0
0.003711671819475767,0.042866666666666664,0.0
0.003746050032748993,0.043,0.0
0.0037807466635993493,0.043133333333333336,0.0
0.0038157646612712484,0.04326666666666667,0.0
0.003851107002325569,0.0433,0.0
0.0038867766908926675,0.0434,0.0
0.0039227767589277195,0.04343333333333333,0.0
0.0039591102664684585,0.0441,0.0
0.003995780301895269,0.0452,0.0
0.004032789982193705,0.0452,0.0
0.004070142453219439,0.045766666666666664,0.0
0.004107840889965647,0.046,0.0
0.004145888496832911,0.046233333333333335,0.0
0.004184288507901585,0.046266666666666664,0.0
0.0042230441872066725,0.04636666666666667,0.0
0.0042621588290153245,0.04643333333333333,0.0
0.004301635758106795,0.046966666666666664,0.0
0.004341478330055093,0.0473,0.0
0.004381689931514195,0.0474,0.0
0.004422273980505897,0.0474,0.0
0.004463233926710397,0.04783333333333333,0.0
0.004504573251759458,0.04816666666666667,0.0
0.0045462954695324,0.04833333333333333,0.0
0.0045884041264547615,0.04873333333333333,0.0
0.004630902801799737,0.0489,0.0
0.004673795107992464,0.049166666666666664,0.0
0.004717084690917017,0.0493,0.0
0.004760775230226368,0.04933333333333333,0.0
0.004804870439655134,0.0496,0.0
0.004849374067335233,0.04973333333333333,0.0
0.004894289896114532,0.049933333333333337,0.0
0.004939621743878321,0.05043333333333333,0.0
0.004985373463873894,0.05043333333333333,0.0
0.005031548945038057,0.05046666666666667,0.0
0.0050781521123276704,0.0512,0.0
0.005125186927053333,0.0512,0.0
0.0051726573872160194,0.0517,0.0
0.005220567527846975,0.052333333333333336,0.0
0.005268921421350677,0.052333333333333336,0.0
0.0053177231778509665,0.052566666666666664,0.0
0.0053669769455404765,0.05263333333333333,0.0
0.005416686911033152,0.05266666666666667,0.0
0.00546685729972018,0.05273333333333333,0.0
0.005517492376129128,0.0529,0.0
0.005568596444286409,0.053,0.0
0.005620173848083188,0.053066666666666665,0.0
0.005672228971644543,0.053566666666666665,0.0
0.005724766239702178,0.0537,0.0
0.005777790117970507,0.054066666666666666,0.0
0.005831305113526219,0.054066666666666666,0.0
0.00588531577519145,0.05446666666666666,0.0
0.0059398266939203566,0.05486666666666667,0.0
0.005994842503189409,0.05513333333333333,0.0
0.006050367879391224,0.055466666666666664,0.0
0.0061064075422320365,0.05583333333333333,0.0
0.006162966255132942,0.056633333333333334,0.0
0.006220048825634711,0.0579,0.0
0.0062776601058065,0.057966666666666666,0.0
0.006335804992658254,0.05873333333333333,0.0
0.006394488428556937,0.05893333333333333,0.0
0.006453715401646702,0.05973333333333333,0.0
0.0065134909462728026,0.05976666666666667,0.0
0.006573820143409586,0.0599,0.0
0.006634708121092351,0.06,0.0
0.006696160054853215,0.06,0.0
0.00675818116816111,0.06016666666666667,0.0
0.006820776732865685,0.060533333333333335,0.0
0.0068839520696454964,0.0608,0.0
0.00694771254846024,0.060833333333333336,0.0
0.007012063589007177,0.06096666666666667,0.0
0.0070770106611818895,0.06096666666666667,0.0
0.007142559285543126,0.061266666666666664,0.0
0.007208715033782135,0.06146666666666667,0.0
0.007275483529196233,0.0615,0.0
0.007342870447166758,0.0616,0.0
0.00741088151564157,0.062033333333333336,0.0
0.007479522515621821,0.06213333333333333,0.0
0.007548799281653432,0.0626,0.0
0.007618717702322999,0.0632,0.0
0.007689283720758305,0.06423333333333334,0.0
0.007760503335133571,0.06456666666666666,0.0
0.007832382599179196,0.0648,0.0
0.00790492762269642,0.065,0.0
0.007978144572076629,0.06573333333333334,0.0
0.00805203967082547,0.0659,0.0
0.008126619200091946,0.06663333333333334,0.0
0.008201889499202203,0.06706666666666666,0.0
0.008277856966198472,0.06733333333333333,0.0
0.008354528058382871,0.06746666666666666,0.0
0.008431909292866252,0.06753333333333333,0.0
0.008510007247122246,0.06806666666666666,0.0
0.00858882855954625,0.06833333333333333,0.0
0.008668379930019773,0.06896666666666666,0.0
0.008748668120479914,0.06943333333333333,0.0
0.008829699955494083,0.0697,0.0
0.008911482322840203,0.07046666666666666,0.0
0.008994022174092044,0.07053333333333334,0.0
0.009077326525210224,0.07086666666666666,0.0
0.00916140245713852,0.07106666666666667,0.0
0.009246257116405733,0.07116666666666667,0.0
0.009331897715733239,0.07123333333333333,0.0
0.009418331534647951,0.07143333333333333,0.0
0.009505565920101192,0.07196666666666666,0.0
0.009593608287093146,0.07203333333333334,0.0
0.009682466119303124,0.07273333333333333,0.0
0.009772146969725724,0.07296666666666667,0.0
0.009862658461312821,0.07333333333333333,0.0
0.009954008287621519,0.07493333333333334,0.0
0.010046204213468132,0.07516666666666667,0.0
0.010139254075588154,0.07573333333333333,0.0
0.01023316578330245,0.07616666666666666,0.0
0.010327947319189514,0.07673333333333333,0.0
0.010423606739764012,0.07713333333333333,0.0
0.01052015217616159,0.07736666666666667,0.0
0.010617591834830001,0.07746666666666667,0.0
0.010715933998226712,0.0779,0.0
0.010815187025522881,0.07793333333333333,0.0
0.01091535935331391,0.07836666666666667,0.0
0.01101645949633657,0.0788,0.0
0.01111849604819271,0.079,0.0
0.011221477682079803,0.0792,0.0
0.011325413151528114,0.0798,0.0
0.011430311291144786,0.07993333333333333,0.0
0.011536181017364784,0.08083333333333333,0.0
0.011643031329208768,0.08093333333333333,0.0
0.011750871309048075,0.08113333333333334,0.0
0.011859710123376693,0.08143333333333333,0.0
0.011969557023590429,0.08173333333333334,0.0
0.01208042134677329,0.08236666666666667,0.0
0.012192312516491107,0.08246666666666666,0.0
0.012305240043592616,0.08276666666666667,0.0
0.012419213527017834,0.08296666666666666,0.0
0.012534242654613994,0.08323333333333334,0.0
0.012650337203959038,0.08363333333333334,0.0
0.012767507043192657,0.0839,0.0
0.01288576213185518,0.08463333333333334,0.0
0.013005112521734086,0.0847,0.0
0.013125568357718428,0.085,0.0
0.013247139878661175,0.08573333333333333,0.0
0.013369837418249465,0.0863,0.0
0.013493671405883065,0.08666666666666667,0.0
0.013618652367560814,0.08743333333333334,0.0
0.013744790926775366,0.088,0.0
0.01387209780541621,0.08833333333333333,0.0
0.014000583824680975,0.08906666666666667,0.0
0.014130259905995337,0.08946666666666667,0.0
0.014261137071941283,0.08983333333333333,0.0
0.014393226447194065,0.09003333333333334,0.0
0.014526539259467812,0.0903,0.0
0.014661086840469845,0.09096666666666667,0.0
0.014796880626863964,0.0914,0.0
0.014933932161242518,0.09216666666666666,0.0
0.015072253093107555,0.09233333333333334,0.0
0.015211855179861048,0.09303333333333333,0.0
0.015352750287804227,0.0932,0.0
0.015494950393146316,0.094,0.0
0.015638467583022463,0.0944,0.0
0.01578331405652118,0.09473333333333334,0.0
0.01592950212572123,0.09516666666666666,0.0
0.016077044216738237,0.09553333333333333,0.0
0.016225952870780873,0.09563333333333333,0.0
0.016376240745216875,0.09596666666666667,0.0
0.016527920614648955,0.09683333333333333,0.0
0.016681005372000592,0.09713333333333334,0.0
0.016835508029612024,0.098,0.0
0.01699144172034626,0.09846666666666666,0.0
0.01714881969870539,0.09913333333333334,0.0
0.01730765534195726,0.09983333333333333,0.0
0.017467962151272456,0.1004,0.0
0.017629753752872058,0.10066666666666667,0.0
0.017793043899185772,0.10123333333333333,0.0
0.01795784647002095,0.1019,0.0
0.018124175473742378,0.10266666666666667,0.0
0.01829204504846294,0.10296666666666666,0.0
0.018461469463245474,0.10346666666666667,0.0
0.018632463119315597,0.1037,0.0
0.018805040551285814,0.10463333333333333,0.0
0.018979216428391014,0.10526666666666666,0.0
0.01915500555573528,0.10556666666666667,0.0
0.019332422875550453,0.10646666666666667,0.0
0.019511483468466165,0.1069,0.0
0.019692202554791715,0.1077,0.0
0.01987459549580984,0.1084,0.0
0.02005867779508234,0.10916666666666666,0.0
0.020244465099768037,0.1096,0.0
0.020431973201952704,0.11046666666666667,0.0
0.020621218039991424,0.11083333333333334,0.0
0.02081221569986339,0.11183333333333334,0.0
0.021004982416539152,0.11323333333333334,0.0
0.02119953457536071,0.11366666666666667,0.0
0.021395888713434216,0.1144,0.0
0.021594061521035653,0.11526666666666667,0.0
0.02179406984302956,0.11553333333333334,0.0
0.021995930680300747,0.11653333333333334,0.0
0.022199661191199548,0.1173,0.0
0.022405278693000182,0.11833333333333333,0.0
0.022612800663372772,0.11936666666666666,0.0
0.022822244741868985,0.1198,0.0
0.023033628731421313,0.1204,0.0
0.02324697059985648,0.12116666666666667,0.0
0.023462288481422625,0.122,0.0
0.02367960067833076,0.12243333333333334,0.0
0.023898925662310503,0.12353333333333333,0.0
0.02412028207618007,0.1241,0.0
0.024343688735431104,0.1249,0.0
0.024569164629827903,0.1255,0.0
0.024796728925021577,0.12633333333333333,0.0
0.025026400964179192,0.12706666666666666,0.0
0.025258200269627846,0.1279,0.0
0.025492146544514233,0.12836666666666666,0.0
0.025728259674479323,0.1288,0.0
0.025966559729348696,0.1291,0.0
0.026207066964838526,0.12963333333333332,0.0
0.0264498018242772,0.1301,0.0
0.02669478494034321,0.131,0.0
0.026942037136818822,0.13193333333333335,0.0
0.02719157943036019,0.13233333333333333,0.0
0.027443433032283655,0.1329,0.0
0.02769761935036891,0.13323333333333334,0.0
0.027954159990678566,0.13446666666666668,0.0
0.028213076759394707,0.1352,0.0
0.02847439166467248,0.1359,0.0
0.028738126918510663,0.13686666666666666,0.0
0.029004304938639917,0.13766666666666666,0.0
0.02927294835042816,0.13886666666666667,0.0
0.0295440799888038,0.13953333333333334,0.0
0.029817722900196734,0.1397,0.0
0.030093900344497212,0.14003333333333334,0.0
0.030372635797033115,0.14103333333333334,0.0
0.030653952950565267,0.14196666666666666,0.0
0.030937875717301368,0.1431,0.0
0.03122442823092858,0.14386666666666667,0.0
0.03151363484866479,0.1445,0.0
0.0318055201533292,0.14556666666666668,0.0
0.032100108955431715,0.14673333333333333,0.0
0.03239742629528195,0.1474,0.0
0.03269749744511768,0.148,0.0
0.03300034791125285,0.14896666666666666,0.0
0.03330600343624589,0.15046666666666667,0.0
0.03361449000108765,0.15136666666666668,0.0
0.03392583382740992,0.152,0.0
0.034240061379714255,0.15296666666666667,0.0
0.034557199367621395,0.1535,0.0
0.03487727474814178,0.15423333333333333,0.0
0.03520031472796679,0.15543333333333334,0.0
0.0355263467657814,0.15646666666666667,0.0
0.03585539857459817,0.15706666666666666,0.0
0.0361874981241128,0.1578,0.0
0.03652267364308175,0.15803333333333333,0.0
0.03686095362172158,0.15913333333333332,0.0
0.03720236681413066,0.1601,0.0
0.03754694224073337,0.16046666666666667,0.0
0.037894709190746674,0.16176666666666667,0.0
0.03824569722466999,0.16296666666666668,0.0
0.038599936176797675,0.1634,0.0
0.03895745615775501,0.1651,0.0
0.0393182875570577,0.1665,0.0
0.03968246104569482,0.1676,0.0
0.04005000757873611,0.1683,0.0
0.04042095839796306,0.16886666666666666,0.0
0.04079534503452449,0.16946666666666665,0.0
0.04117319931161679,0.17016666666666666,0.0
0.04155455334718875,0.17116666666666666,0.0
0.04193943955667186,0.1723,0.0
0.04232789065573549,0.17296666666666666,0.0
0.042719939663067766,0.17363333333333333,0.0
0.04311561990318229,0.17433333333333334,0.0
0.0435149650092505,0.17556666666666668,0.0
0.04391800892596086,0.1766,0.0
0.044324785912403956,0.17736666666666667,0.0
0.04473533054498463,0.17856666666666668,0.0
0.04514967772036102,0.17943333333333333,0.0
0.04556786265841064,0.18023333333333333,0.0
0.045989920905224385,0.18113333333333334,0.0
0.046415888336127774,0.1822,0.0
0.04684580115873045,0.18283333333333332,0.0
0.04727969591600391,0.18406666666666666,0.0
0.047717609489387455,0.1846,0.0
0.048159579101923505,0.18513333333333334,0.0
0.04860564232142134,0.18643333333333334,0.0
0.04905583706365046,0.18736666666666665,0.0
0.04951020159556351,0.18796666666666667,0.0
0.04996877453854884,0.18886666666666665,0.0
0.050431594871713586,0.18993333333333334,0.0
0.0508987019351968,0.19186666666666666,0.0
0.05137013543351344,0.19296666666666668,0.0
0.05184593543892913,0.19366666666666665,0.0
0.05232614239486662,0.1948,0.0
0.05281079711934331,0.19573333333333334,0.0
0.05329994080844088,0.1969,0.0
0.05379361503980703,0.198,0.0
0.05429186177618943,0.19923333333333335,0.0
0.05479472336900287,0.20006666666666667,0.0
0.055302242561929005,0.20193333333333333,0.0
0.055814462494549605,0.20283333333333334,0.0
0.05633142670601358,0.20383333333333334,0.0
0.05685317913873753,0.2044,0.0
0.05737976414214134,0.2054,0.0
0.05791122647641758,0.20583333333333334,0.0
0.058447611316336315,0.2072,0.0
0.05898896425508499,0.20793333333333333,0.0
0.0595353313081437,0.20963333333333334,0.0
0.06008675891719687,0.21086666666666667,0.0
0.060643293954080614,0.21146666666666666,0.0
0.061204983724766966,0.21233333333333335,0.0
0.061771875973384946,0.21323333333333333,0.0
0.06234401888627864,0.2143,0.0
0.06292146109610344,0.21563333333333334,0.0
0.06350425168595962,0.2171,0.0
0.0640924401935645,0.21803333333333333,0.0
0.06468607661546327,0.21963333333333335,0.0
0.06528521141127848,0.2213,0.0
0.0658898955079995,0.2226,0.0
0.06650018030431118,0.22386666666666666,0.0
0.0671161176749628,0.22476666666666667,0.0
0.06773775997517752,0.2268,0.0
0.06836516004510239,0.22806666666666667,0.0
0.06899837121430018,0.22903333333333334,0.0
0.06963744730628223,0.23,0.0
0.07028244264308345,0.23123333333333335,0.0
0.07093341204987996,0.233,0.0
0.07159041085964889,0.2346,0.0
0.07225349491787214,0.23616666666666666,0.0
0.07292272058728312,0.2374,0.0
0.07359814475265763,0.23876666666666665,0.0
0.07427982482564918,0.24056666666666668,0.0
0.07496781874966876,0.24166666666666667,0.0
0.07566218500481055,0.24253333333333332,0.0
0.07636298261282241,0.24413333333333334,0.0
0.07707027114212295,0.24596666666666667,0.0
0.0777841107128649,0.24733333333333332,0.0
0.07850456200204509,0.2485,0.0
0.07923168624866253,0.24923333333333333,0.0
0.07996554525892346,0.2512333333333333,0.0
0.080706201411495,0.2526333333333333,0.0
0.08145371766280746,0.25416666666666665,0.0
0.0822081575524054,0.25566666666666665,0.0
0.08296958520834907,0.2569,0.0
0.0837380653526649,0.25826666666666664,0.0
0.08451366330684713,0.2599666666666667,0.0
0.08529644499741025,0.26093333333333335,0.0
0.08608647696149245,0.2618,0.0
0.08688382635251184,0.2629666666666667,0.0
0.08768856094587427,0.2642333333333333,0.0
0.08850074914473438,0.26586666666666664,0.0
0.08932045998580969,0.26693333333333336,0.0
0.09014776314524918,0.2682,0.0
0.09098272894455559,0.26963333333333334,0.0
0.09182542835656282,0.27113333333333334,0.0
0.09267593301146883,0.27216666666666667,0.0
0.09353431520292387,0.2734333333333333,0.0
0.09440064789417603,0.2754333333333333,0.0
0.0952750047242729,0.27636666666666665,0.0
0.09615746001432096,0.2778333333333333,0.0
0.09704808877380307,0.2789333333333333,0.0
0.09794696670695395,0.27986666666666665,0.0
0.09885417021919574,0.28163333333333335,0.0
0.09976977642363201,0.28276666666666667,0.0
0.1006938631476027,0.28386666666666666,0.0
0.10162650893929952,0.28523333333333334,0.0
0.10256779307444219,0.2870333333333333,0.0
0.10351779556301763,0.28823333333333334,0.0
0.10447659715608042,0.28896666666666665,0.0
0.10544427935261684,0.2906666666666667,0.0
0.10642092440647247,0.2920333333333333,0.0
0.10740661533334334,0.2932666666666667,0.0
0.10840143591783309,0.2957,0.0
0.10940547072057424,0.29763333333333336,0.0
0.11041880508541602,0.29943333333333333,0.0
0.11144152514667881,0.30096666666666666,0.0
0.1124737178364752,0.3026,0.0
0.1135154708920999,0.3040333333333333,0.0
0.11456687286348714,0.30556666666666665,0.0
0.11562801312073753,0.3071333333333333,0.0
0.11669898186171475,0.30873333333333336,0.0
0.11777987011971193,0.3102666666666667,0.0
0.11887076977119033,0.31156666666666666,0.0
0.11997177354358843,0.31306666666666666,0.0
0.12108297502320395,0.3142333333333333,0.0
0.12220446866314887,0.316,0.0
0.1233363497913776,0.3176,0.0
0.12447871461879062,0.3192,0.0
0.125631660247412,0.32076666666666664,0.0
0.1267952846786434,0.3228666666666667,0.0
0.12796968682159415,0.3242,0.0
0.1291549665014884,0.3257333333333333,0.0
0.1303512244681509,0.3277333333333333,0.0
0.1315585624045704,0.32866666666666666,0.0
0.1327770829355429,0.3308,0.0
0.13400688963639507,0.33213333333333334,0.0
0.13524808704178753,0.3334,0.0
0.1365007806546014,0.3353333333333333,0.0
0.13776507695490536,0.33626666666666666,0.0
0.13904108340900698,0.33813333333333334,0.0
0.1403289084785873,0.3395666666666667,0.0
0.14162866162991988,0.3413,0.0
0.1429404533431761,0.343,0.0
0.14426439512181574,0.3449,0.0
0.14560059950206486,0.3477,0.0
0.14694918006248173,0.3490666666666667,0.0
0.14831025143361043,0.3505666666666667,0.0
0.14968392930772556,0.3521666666666667,0.0
0.1510703304486654,0.35433333333333333,0.0
0.1524695727017573,0.3558,0.0
0.15388177500383463,0.35796666666666666,0.0
0.155307057393346,0.36043333333333333,0.0
0.1567455410205595,0.36193333333333333,0.0
0.15819734815786,0.3636,0.0
0.1596626022101425,0.3650333333333333,0.0
0.161141427725302,0.367,0.0
0.16263395040481923,0.3687666666666667,0.0
0.16414029711444664,0.3703666666666667,0.0
0.16566059589499135,0.37183333333333335,0.0
0.16719497597319902,0.374,0.0
0.16874356777273758,0.37533333333333335,0.0
0.17030650292528443,0.37696666666666667,0.0
0.17188391428171457,0.3784666666666667,0.0
0.17347593592339308,0.38026666666666664,0.0
0.17508270317357252,0.3826,0.0
0.17670435260889467,0.3845,0.0
0.1783410220710008,0.38593333333333335,0.0
0.17999285067824763,0.3881,0.0
0.18165997883753268,0.38956666666666667,0.0
0.18334254825622906,0.391,0.0
0.18504070195423022,0.39316666666666666,0.0
0.1867545842761076,0.395,0.0
0.18848434090337954,0.3966,0.0
0.1902301188668944,0.3986,0.0
0.1919920665593285,0.3999333333333333,0.0
0.1937703337477989,0.40173333333333333,0.0
0.19556507158659492,0.40336666666666665,0.0
0.19737643263002555,0.40523333333333333,0.0
0.19920457084538692,0.4072,0.0
0.2010496416260499,0.40886666666666666,0.0
0.2029118018046678,0.41113333333333335,0.0
0.20479120966650854,0.41336666666666666,0.0
0.2066880249629082,0.4157,0.0
0.20860240892485027,0.4174,0.0
0.2105345242766706,0.4199,0.0
0.21248453524988828,0.4222666666666667,0.0
0.21445260759716675,0.4241333333333333,0.0
0.21643890860640203,0.4257,0.0
0.21844360711494262,0.4281333333333333,0.0
0.22046687352394098,0.43043333333333333,0.0
0.22250887981283693,0.43266666666666664,0.0
0.2245697995539774,0.4349,0.0
0.22664980792736927,0.4362,0.0
0.22874908173557018,0.4387666666666667,0.0
0.23086779941871696,0.4409666666666667,0.0
0.23300614106969247,0.44333333333333336,0.0
0.23516428844943485,0.44503333333333334,0.0
0.23734242500238661,0.44743333333333335,0.0
0.23954073587208768,0.44966666666666666,0.0
0.24175940791691308,0.45193333333333335,0.0
0.243998629725955,0.45426666666666665,0.0
0.24625859163505467,0.4565666666666667,0.0
0.24853948574297985,0.45876666666666666,0.0
0.25084150592775384,0.46186666666666665,0.0
0.25316484786313553,0.4645,0.0
0.2555097090352507,0.4673333333333333,0.0
0.25787628875938007,0.4700666666666667,0.0
0.26026478819690047,0.4724,0.0
0.26267541037238357,0.4751666666666667,0.0
0.2651083601908539,0.47763333333333335,0.0
0.26756384445520454,0.48056666666666664,0.0
0.27004207188377727,0.48296666666666666,0.0
0.2725432531281028,0.4855333333333333,0.0
0.27506760079080644,0.48833333333333334,0.0
0.2776153294436801,0.49156666666666665,0.0
0.28018665564591955,0.49443333333333334,0.0
0.2827817979625341,0.4974,0.0
0.28540097698292377,0.5010666666666667,0.0
0.28804441533962977,0.5040333333333333,0.0
0.29071233772725785,0.5069333333333333,0.0
0.2934049709215787,0.5095333333333333,0.0
0.29612254379880343,0.5124666666666666,0.0
0.29886528735503826,0.5157666666666667,0.0
0.30163343472591975,0.5190333333333333,0.0
0.3044272212064303,0.5231,0.0
0.30724688427090036,0.5259,0.0
0.31009266359319265,0.5294333333333333,0.0
0.312964801067075,0.5324,0.0
0.3158635408267819,0.5352333333333333,0.0
0.3187891292677646,0.5381,0.0
0.32174181506763716,0.5431,0.0
0.3247218492073129,0.546,0.0
0.3277294849923382,0.5497,0.0
0.33076497807442423,0.554,0.0
0.3338285864731761,0.5575,0.0
0.3369205705980267,0.5621,0.0
0.34004119327037063,0.5662666666666667,0.0
0.34319071974590426,0.5692,0.0
0.34636941773717345,0.5723666666666667,0.0
0.3495775574363275,0.5758333333333333,0.0
0.3528154115380883,0.5794,0.0
0.3560832552629278,0.5825,0.0
0.3593813663804626,0.5855,0.0
0.36271002523306484,0.5889,0.0
0.36606951475969024,0.5926333333333333,0.0
0.36946012051993027,0.5969,0.0
0.37288213071828336,0.6014333333333334,0.0
0.3763358362286533,0.606,0.0
0.37982153061907364,0.6097666666666667,0.0
0.3833395101766601,0.6146333333333334,0.0
0.38689007393279756,0.6177,0.0
0.390473523688556,0.6216,0.0
0.39409016404034475,0.6262333333333333,0.0
0.39774030240580366,0.6308,0.0
0.4014242490499322,0.6352333333333333,0.0
0.40514231711146476,0.6393666666666666,0.0
0.408894822629486,0.6433,0.0
0.4126820845702952,0.6477333333333334,0.0
0.4165044248545185,0.6522,0.0
0.4203621683844714,0.6570333333333334,0.0
0.4242556430717777,0.6626333333333333,0.0
0.42818517986524113,0.6675666666666666,0.0
0.4321511127789762,0.6731666666666667,0.0
0.4361537789208006,0.6777666666666666,0.0
0.44019351852088745,0.6828333333333333,0.0
0.4442706749606883,0.6870333333333334,0.0
0.4483855948021186,0.6926,0.0
0.45253862781701665,0.6983,0.0
0.4567301270168747,0.7042666666666667,0.0
0.46096044868284336,0.7104,0.0
0.46522995239601894,0.7168,0.0
0.4695390010680058,0.7224666666666667,0.0
0.4738879609717651,0.7272666666666666,0.0
0.4782772017727485,0.7321666666666666,0.0
0.4827070965603183,0.7373333333333333,0.0
0.4871780218794631,0.7430666666666667,0.0
0.4916903577628026,0.7494333333333333,0.0
0.4962444877628913,0.7544,0.0
0.5008407989848213,0.7595333333333333,0.0
0.5054796821191241,0.7648333333333334,0.0
0.5101615314749833,0.7705666666666666,0.0
0.5148867450137492,0.7763333333333333,0.0
0.5196557243827657,0.7817666666666667,0.0
0.5244688749495119,0.7879,0.0
0.5293266058360562,0.7931,0.0
0.5342293299538352,0.7994,0.0
0.53917746403875,0.8063,0.0
0.5441714286865893,0.8118,0.0
0.5492116483887789,0.8179333333333333,0.0
0.5542985515684669,0.8234666666666667,0.0
0.5594325706169377,0.8287333333333333,0.0
0.5646141419303667,0.8348666666666666,0.0
0.5698437059469142,0.8397333333333333,0.0
0.5751217071841613,0.8446333333333333,0.0
0.5804485942768978,0.8506666666666667,0.0
0.5858248200152536,0.8564666666666667,0.0
0.5912508413831875,0.8627666666666667,0.0
0.5967271195973316,0.8682666666666666,0.0
0.6022541201461928,0.8742666666666666,0.0
0.6078323128297229,0.8797,0.0
0.6134621717992506,0.8846,0.0
0.6191441755977841,0.8898666666666667,0.0
0.6248788072006894,0.8960666666666667,0.0
0.6306665540567405,0.9012333333333333,0.0
0.6365079081295572,0.9064666666666666,0.0
0.642403365939419,0.9105666666666666,0.0
0.6483534286054721,0.9158,0.0
0.6543586018883236,0.9196333333333333,0.0
0.6604193962330305,0.9236666666666666,0.0
0.6665363268124913,0.9279333333333334,0.0
0.6727099135712337,0.9314666666666667,0.0
0.6789406812696106,0.9353333333333333,0.0
0.6852291595284065,0.9394,0.0
0.6915758828738525,0.9428666666666666,0.0
0.697981390783066,0.9462,0.0
0.7044462277299037,0.9491333333333334,0.0
0.7109709432312431,0.9525333333333333,0.0
0.7175560918936928,0.9552666666666667,0.0
0.7242022334607315,0.9586,0.0
0.730909932860291,0.9609,0.0
0.737679760252773,0.9628,0.0
0.7445122910795136,0.9652,0.0
0.751408106111697,0.9669666666666666,0.0
0.7583677914997191,0.9686333333333333,0.0
0.7653919388230148,0.9698666666666667,0.0
0.77248114514034,0.9718,0.0
0.7796360130405229,0.9737,0.0
0.7868571506936851,0.9750333333333333,0.0
0.794145171902934,0.9763333333333334,0.0
0.8015006961565405,0.9779,0.0
0.8089243486805938,0.9789666666666667,0.0
0.8164167604921464,0.9799333333333333,0.0
0.823978568452852,0.9814,0.0
0.8316104153230962,0.9823,0.0
0.8393129498166364,0.9830333333333333,0.0
0.8470868266557402,0.9841666666666666,0.0
0.8549327066268376,0.9852333333333333,0.0
0.8628512566366896,0.9861666666666666,0.0
0.8708431497690724,0.9868,0.0
0.8789090653419954,0.9876,0.0
0.8870496889654403,0.9889333333333333,0.0
0.8952657125996392,0.99,0.0
0.9035578346138929,0.9906666666666667,0.0
0.9119267598459299,0.9912333333333333,0.0
0.9203731996618221,0.9921,0.0
0.9288978720164498,0.9928,0.0
0.9375015015145289,0.9936666666666667,0.0
0.9461848194722002,0.9946666666666667,0.0
0.9549485639791966,0.9955333333333334,0.0
0.9637934799615786,0.9965333333333334,0.0
0.9727203192450538,0.9973666666666666,0.0
0.9817298406188841,0.9982666666666666,0.0
0.9908228099003797,0.9991333333333333,0.0
1.0,1.0,0.0
